{"frames":{"New Piskel0.png":{"frame":{"x":0,"y":0,"w":32,"h":64},"rotated":false,"trimmed":false,"spriteSourceSize":{"x":0,"y":0,"w":32,"h":64},"sourceSize":{"w":32,"h":64}},"New Piskel1.png":{"frame":{"x":32,"y":0,"w":32,"h":64},"rotated":false,"trimmed":false,"spriteSourceSize":{"x":0,"y":0,"w":32,"h":64},"sourceSize":{"w":32,"h":64}},"New Piskel2.png":{"frame":{"x":64,"y":0,"w":32,"h":64},"rotated":false,"trimmed":false,"spriteSourceSize":{"x":0,"y":0,"w":32,"h":64},"sourceSize":{"w":32,"h":64}},"New Piskel3.png":{"frame":{"x":0,"y":64,"w":32,"h":64},"rotated":false,"trimmed":false,"spriteSourceSize":{"x":0,"y":0,"w":32,"h":64},"sourceSize":{"w":32,"h":64}}},"meta":{"app":"https://github.com/piskelapp/piskel/","version":"1.0","image":"New Piskel.png","format":"RGBA8888","size":{"w":96,"h":128}}}